epoch,steps,cos_sim-Accuracy@1,cos_sim-Accuracy@3,cos_sim-Accuracy@5,cos_sim-Accuracy@10,cos_sim-Precision@1,cos_sim-Recall@1,cos_sim-Precision@3,cos_sim-Recall@3,cos_sim-Precision@5,cos_sim-Recall@5,cos_sim-Precision@10,cos_sim-Recall@10,cos_sim-MRR@10,cos_sim-NDCG@10,cos_sim-MAP@100,dot_score-Accuracy@1,dot_score-Accuracy@3,dot_score-Accuracy@5,dot_score-Accuracy@10,dot_score-Precision@1,dot_score-Recall@1,dot_score-Precision@3,dot_score-Recall@3,dot_score-Precision@5,dot_score-Recall@5,dot_score-Precision@10,dot_score-Recall@10,dot_score-MRR@10,dot_score-NDCG@10,dot_score-MAP@100
0,-1,0.36268017140631087,0.47798987144526683,0.5235683677444488,0.5870666147253604,0.36268017140631087,0.30476757004738914,0.17776912089339045,0.4170328202022848,0.12341254382547721,0.4622236983003156,0.07354888975457734,0.5284856923929168,0.4320391291174312,0.4345907760632104,0.39905520981997966,0.36268017140631087,0.47798987144526683,0.5235683677444488,0.5870666147253604,0.36268017140631087,0.30476757004738914,0.17776912089339045,0.4170328202022848,0.12341254382547721,0.4622236983003156,0.07354888975457734,0.5284856923929168,0.4320391291174312,0.4345907760632104,0.39905520981997966
1,-1,0.3716400467471757,0.48461238800155826,0.5360342812621738,0.6038176860148032,0.3716400467471757,0.3128920560448786,0.18296325152577586,0.4247538176021526,0.12746396571873783,0.47757206700210053,0.07623685235683678,0.5468977528171284,0.44257115649791967,0.44768246447353166,0.4108671571495754,0.3716400467471757,0.48461238800155826,0.5360342812621738,0.6038176860148032,0.3716400467471757,0.3128920560448786,0.18296325152577586,0.4247538176021526,0.12746396571873783,0.47757206700210053,0.07623685235683678,0.5468977528171284,0.44257115649791967,0.44768246447353166,0.4108671571495754
